experiment,Recall@10,Recall@50,Tail_Recall@50,MRR@10,NDCG@10,selection_score
phase1_tail_lr5e4,0.010449088483770564,0.04474210760337928,0.010644707772645109,0.00316044344223535,0.004843632271891378,0.05085457235026067
phase1_only_lr1e3,0.012060915962650067,0.04263005780346821,0.0038160273147218315,0.0041059915518008,0.0059315770932803075,0.045564569348779324
tuned_hardneg_tail,0.010171187194308581,0.041796353935082256,0.005221932114882507,0.003255944440915539,0.004837752887657505,0.04522130610275239
