sessions,users,items,mean_completion_pct,median_completion_pct,chapter_end_rate,mid_chapter_rate,abandon_early_rate,steady_rate,dataset_variant,dataset_rationale
239904,4000,8000,0.10006936107776446,0.06,0.0019549486461251167,0.9980450513538749,0.9920343137254902,0.007965686274509803,baseline_legacy_enriched,"Control run: original simulator pressure with richer catalog text. If this loses, the issue is behavioral calibration, not only content text."
239841,4000,8000,0.28903169182917016,0.19,0.0638589732364358,0.9361410267635641,0.8784319611742779,0.12156803882572204,calibrated_balanced,Lower transition exits and stronger engagement to fix the prior near-total abandonment problem.
239857,4000,8000,0.4889013036934507,0.4,0.22743551366022255,0.7725644863397775,0.699003989877302,0.30098767182112673,high_completion_stress,Tests whether retrieval improves when labels contain many clear positive completions.
239778,4000,8000,0.3687905896287399,0.26,0.119685709281085,0.880314290718915,0.8102786744405241,0.18970881398627062,app_like_balanced,"More app-like engagement distribution: less brittle exits, stronger taste clusters, and moderate completion signal."
239954,4000,8000,0.2909928986389058,0.19,0.0663752219175342,0.9336247780824658,0.8769972578077465,0.12299440726139177,diverse_taste_clusters,Sharper taste clusters and richer topical separation to test whether personalization improves with more learnable structure.
239716,4000,8000,0.22118911545328643,0.14,0.03034424068481036,0.9696557593151897,0.9305219509753208,0.0694780490246792,tail_discovery_stress,Harder tail-discovery setting with lower average quality and very sharp item niches.
239362,4000,8000,0.20374888244583517,0.12,0.023533392936222124,0.9764666070637779,0.9423174940048964,0.05768250599510365,long_tail_harder,Keeps the task harder with sharper user/item taste clusters and stronger long-tail separation.
